{"cameraMode":{"drawMode":0,"name":"Shaded","section":"Shading Mode"},"sceneLighting":true,"audioPlay":false,"sceneViewState":{"m_AlwaysRefresh":false,"showFog":true,"showSkybox":true,"showFlares":true,"showImageEffects":true,"showParticleSystems":true,"showVisualEffectGraphs":true,"m_FxEnabled":true},"in2DMode":false,"pivot":{"x":4.786550998687744,"y":2.605334520339966,"z":0.8355200886726379},"rotation":{"x":-0.06061161309480667,"y":0.6475642919540405,"z":-0.051791105419397357,"w":-0.7578321099281311},"size":0.8660253882408142,"orthographic":false}